Date,meantemp,humidity,wind_speed,meanpressure
1/01/2013,10,84.5,0,10.15666667
2/01/2013,7.4,92,2.98,10.178
3/01/2013,7.166666667,87,4.633333333,10.18666667
4/01/2013,8.666666667,71.33333333,1.233333333,10.17166667
5/01/2013,6,86.83333333,3.7,10.165
6/01/2013,7,82.8,1.48,10.18
7/01/2013,7,78.6,6.3,10.2
8/01/2013,8.857142857,63.71428571,7.142857143,10.18714286
9/01/2013,14,51.25,12.5,10.17
10/01/2013,11,62,7.4,10.15666667
11/01/2013,15.71428571,51.28571429,10.57142857,10.16142857
12/01/2013,14,74,13.22857143,10.15571429
13/01/2013,15.83333333,75.16666667,4.633333333,10.13333333
14/01/2013,12.83333333,88.16666667,0.616666667,10.15166667
15/01/2013,14.71428571,71.85714286,0.528571429,10.15857143
16/01/2013,13.83333333,86.66666667,0,10.16666667
17/01/2013,16.5,80.83333333,5.25,10.15833333
18/01/2013,13.83333333,92.16666667,8.95,10.145
19/01/2013,12.5,76.66666667,5.883333333,10.21666667
20/01/2013,11.28571429,75.28571429,8.471428571,10.20285714
21/01/2013,11.2,77,2.22,10.21
22/01/2013,9.5,79.66666667,3.083333333,10.218
23/01/2013,14,60.16666667,4.016666667,10.205
24/01/2013,13.83333333,60.66666667,6.166666667,10.205
25/01/2013,12.25,67,5.55,10.2075
26/01/2013,12.66666667,64.16666667,6.8,10.19666667
27/01/2013,12.85714286,65.57142857,5.557142857,10.18142857
28/01/2013,14.83333333,56,3.7,10.17833333
29/01/2013,14.125,65.5,3.2375,10.16625
30/01/2013,14.71428571,70.42857143,1.057142857,10.17857143
31/01/2013,16.2,65.6,2.96,10.184
1/02/2013,16,73,2.22,10.16
2/02/2013,16.28571429,77.57142857,1.328571429,10.17142857
3/02/2013,18,65.57142857,1.857142857,10.15285714
4/02/2013,17.42857143,74.28571429,11.11428571,10.14571429
5/02/2013,16.625,92.375,9.725,10.16375
6/02/2013,16.66666667,71.33333333,8.633333333,10.18666667
7/02/2013,15.6,59.4,10.74,10.186
8/02/2013,14,70.42857143,9.257142857,10.17142857
9/02/2013,15.42857143,61.28571429,9.257142857,10.16857143
10/02/2013,15.25,71.5,3.475,10.17125
11/02/2013,15.875,70.5,5.325,10.165
12/02/2013,15.33333333,70.33333333,7.416666667,10.175
13/02/2013,16.28571429,70.14285714,6.085714286,10.16
14/02/2013,17.33333333,63.83333333,4.333333333,10.14166667
15/02/2013,19.16666667,65.33333333,10.18333333,10.11666667
16/02/2013,14.42857143,92.71428571,8.485714286,10.08
17/02/2013,13.66666667,90,0,10.12666667
18/02/2013,15.6,78.4,12.22,10.162
19/02/2013,15.85714286,82,5.814285714,10.15714286
20/02/2013,17.71428571,74.71428571,5.814285714,10.17
21/02/2013,20,67.28571429,6.614285714,10.15428571
22/02/2013,20.5,65.625,10.875,10.16
23/02/2013,17.42857143,74.85714286,9.257142857,10.17
24/02/2013,16.85714286,78.85714286,7.4,10.18857143
25/02/2013,16.875,72.875,4.6375,10.1825
26/02/2013,17.85714286,70,17.5875,10.15142857
27/02/2013,20.8,57.2,6.66,10.152
28/02/2013,19.42857143,52.85714286,12.95714286,10.17428571
1/03/2013,17.33333333,49.33333333,24.06666667,10.16333333
2/03/2013,19,54,15.725,10.1625
3/03/2013,19.33333333,62.83333333,8.633333333,10.16166667
4/03/2013,17.6,71,5.56,10.158
5/03/2013,20.875,61.875,4.1625,10.16375
6/03/2013,20.85714286,65.28571429,6.871428571,10.15714286
7/03/2013,23.42857143,57.14285714,8.728571429,10.15285714
8/03/2013,24.16666667,44.83333333,7.1,10.14833333
9/03/2013,25.42857143,49.71428571,5.285714286,10.09285714
10/03/2013,23.14285714,57.57142857,4.228571429,10.08
11/03/2013,24,66.33333333,0.933333333,10.11166667
12/03/2013,23.5,62.5,4.933333333,10.115
13/03/2013,21.5,70.5,5.55,10.09
14/03/2013,22.33333333,61.16666667,12.03333333,10.13166667
15/03/2013,24.16666667,45.83333333,7.716666667,10.16166667
16/03/2013,20.33333333,67.66666667,3.7,10.16166667
17/03/2013,22.66666667,58.66666667,8.95,10.15
18/03/2013,23.42857143,58.14285714,17.45714286,10.09428571
19/03/2013,22.5,73.66666667,10.48333333,10.11
20/03/2013,29.16666667,36.33333333,6.8,10.095
21/03/2013,23.83333333,58.5,10.5,10.08333333
22/03/2013,25.25,50.25,9.7125,10.06375
23/03/2013,27.375,50.125,9.95,10.07625
24/03/2013,27,48.75,10.8875,10.1025
25/03/2013,23.5,45.5,15.9625,10.10625
26/03/2013,24.14285714,44.57142857,12.95714286,10.08857143
27/03/2013,21,62,1.85,10.09
28/03/2013,22.42857143,62.71428571,7.414285714,10.09571429
29/03/2013,21.25,70.375,5.55,10.0975
30/03/2013,23.5,54.75,11.1125,10.08625
31/03/2013,23.2,58,6.66,10.086
1/04/2013,25.375,45.5,4.4,10.085
2/04/2013,25.16666667,51,8.65,10.095
3/04/2013,26.2,45.6,8.14,10.09
4/04/2013,24.6,41.8,11.12,10.078
5/04/2013,25.6,31,15.56,10.07
6/04/2013,25.85714286,29.85714286,11.9,10.06142857
7/04/2013,29.14285714,23.28571429,10.31428571,10.05
8/04/2013,28.71428571,33.85714286,5.3,10.06
9/04/2013,30.16666667,30.5,8.65,10.05333333
10/04/2013,30,28,6.1,10.06714286
11/04/2013,30,24.2,7.78,10.064
12/04/2013,28.85714286,32.57142857,6.342857143,10.07571429
13/04/2013,30.2,29.2,10,10.084
14/04/2013,28.25,39.375,6.4875,10.07
15/04/2013,28.25,41.375,6.25,10.03875
16/04/2013,32.125,24.625,10.425,10
17/04/2013,29.2,24.2,6.66,10.022
18/04/2013,30.28571429,30.28571429,4.757142857,10.02857143
19/04/2013,28.28571429,31.28571429,3.971428571,10.02571429
20/04/2013,30.625,29,7.6375,10.03375
21/04/2013,27.66666667,38.66666667,13.88333333,10.06833333
22/04/2013,27.375,45.375,7.65,10.1
23/04/2013,28.625,44.125,4.625,10.09875
24/04/2013,30.28571429,41.71428571,2.114285714,10.08571429
25/04/2013,31.14285714,38.28571429,3.7,10.07714286
26/04/2013,29.875,45.875,6.7125,10.08375
27/04/2013,31.14285714,31.42857143,13.48571429,10.07
28/04/2013,30.57142857,28,12.97142857,10.05428571
29/04/2013,32.125,26.375,7.875,10.04875
30/04/2013,31.14285714,32,7.928571429,10.04857143
1/05/2013,31.85714286,15.85714286,12.68571429,10.02833333
2/05/2013,29.83333333,22.16666667,11.43333333,10.012
3/05/2013,28.57142857,31.57142857,9,9.994285714
4/05/2013,32.85714286,31.42857143,2.914285714,9.99
5/05/2013,32.625,31.125,3.0125,10.00625
6/05/2013,32.75,39.25,3.7,10.01625
7/05/2013,32.875,33.25,7.175,10.02
8/05/2013,34.5,23,9.25,10.01166667
9/05/2013,34.28571429,26,8.985714286,10.00857143
10/05/2013,34,27.71428571,9.528571429,10.00142857
11/05/2013,30.75,30.375,14.8125,9.99875
12/05/2013,29.85714286,40.14285714,5.828571429,10.03714286
13/05/2013,31.71428571,34,3.971428571,10.03571429
14/05/2013,32.28571429,34.28571429,4.771428571,10.01571429
15/05/2013,33,33,3.2375,9.998571429
16/05/2013,33,34.75,7.175,9.985
17/05/2013,32.83333333,28.16666667,9.866666667,10.00333333
18/05/2013,31.4,42.2,12.96666667,9.99
19/05/2013,35.33333333,22.33333333,15.75,9.996666667
20/05/2013,36.4,24.2,7.4,9.984
21/05/2013,36,19,11.37142857,9.986666667
22/05/2013,36.75,22.125,17.5875,9.98625
23/05/2013,37.5,23.33333333,13.56666667,9.971666667
24/05/2013,38.42857143,27.42857143,11.38571429,9.964285714
25/05/2013,38.71428571,22.42857143,10.31428571,9.981428571
26/05/2013,37.8,21.2,10.74,9.982
27/05/2013,35.85714286,31.57142857,8.728571429,9.991428571
28/05/2013,35.33333333,29,8.333333333,10.00166667
29/05/2013,34.14285714,27.85714286,5.557142857,9.994285714
30/05/2013,32.2,28.2,5.56,9.996
31/05/2013,33.625,40.125,10.6375,9.987142857
1/06/2013,32,54,13.4375,9.9875
2/06/2013,32.4,56.6,14.2,10.01
3/06/2013,35.6,47,12.24,9.996
4/06/2013,35.85714286,42.57142857,5.028571429,9.998571429
5/06/2013,37.16666667,36.5,9.866666667,9.98
6/06/2013,31.28571429,61.71428571,10.04285714,9.972857143
7/06/2013,34,49.25,7.4125,9.98
8/06/2013,34.2,57.4,13.34,9.97
9/06/2013,36.16666667,40,11.41666667,9.951666667
10/06/2013,36.625,42.75,8.1,9.95125
11/06/2013,30.16666667,61.66666667,16.35,10
12/06/2013,34.14285714,54.14285714,7.414285714,9.98
13/06/2013,29.83333333,68.66666667,9.866666667,9.986666667
14/06/2013,30.14285714,68.14285714,7.942857143,9.974285714
15/06/2013,30.71428571,65,13.22857143,9.978571429
16/06/2013,27,88.85714286,8.485714286,9.964285714
17/06/2013,26.875,87.375,8.3375,9.9475
18/06/2013,28.4,83.6,5.18,9.964
19/06/2013,29.85714286,72.85714286,4.228571429,9.99
20/06/2013,33,52.71428571,4.771428571,9.971666667
21/06/2013,34.83333333,47.33333333,5.866666667,9.953333333
22/06/2013,35.6,39.4,10.74,9.962
23/06/2013,35.16666667,53,8.35,9.956666667
24/06/2013,33.14285714,55,13.22857143,9.962857143
25/06/2013,30.57142857,70.42857143,11.11428571,9.991666667
26/06/2013,30.66666667,71.5,6.483333333,9.99
27/06/2013,31.42857143,61.85714286,7.957142857,9.967142857
28/06/2013,31.5,64.25,8.8125,9.96
29/06/2013,33.25,57,13.875,9.9525
30/06/2013,32.83333333,52.16666667,10.5,9.971666667
1/07/2013,33.85714286,54,8.728571429,9.964285714
2/07/2013,33.14285714,58.28571429,9.8,9.96
3/07/2013,31.57142857,70,6.357142857,9.975714286
4/07/2013,32.375,67.5,9.25,9.97
5/07/2013,32.8,62.2,12.96,9.978
6/07/2013,31,73.14285714,11.37142857,10.00571429
7/07/2013,31.16666667,77.33333333,7.1,10.00166667
8/07/2013,29.83333333,75.16666667,6.483333333,9.975
9/07/2013,29,78.83333333,8.016666667,9.968333333
10/07/2013,29.75,75.375,6.4875,9.9575
11/07/2013,32.5,65.5,7.116666667,9.973333333
12/07/2013,28.875,86.625,5.5625,10
13/07/2013,31.75,70.25,12.0625,9.98875
14/07/2013,30.75,71.625,4.8125,9.97375
15/07/2013,31.75,73.25,13.5375,9.98375
16/07/2013,29.875,83.875,9,9.99
17/07/2013,31.125,78.375,8.65,9.98
18/07/2013,31.75,76,5.55,9.95
19/07/2013,30.5,73.5,9.266666667,9.953333333
20/07/2013,26.83333333,90.66666667,4.933333333,9.991666667
21/07/2013,28.2,88,2.24,9.964
22/07/2013,29.5,80.33333333,4.333333333,9.968333333
23/07/2013,31.85714286,70.71428571,3.971428571,9.98
24/07/2013,29.71428571,84.14285714,3.971428571,9.971428571
25/07/2013,28.33333333,84.5,8.016666667,9.951666667
26/07/2013,30,73.85714286,5.571428571,9.954285714
27/07/2013,30.14285714,79,4.228571429,9.972857143
28/07/2013,32.28571429,67.42857143,6.085714286,9.981428571
29/07/2013,31,77.42857143,4.771428571,9.971428571
30/07/2013,30.5,75.66666667,8.016666667,9.965
31/07/2013,28.83333333,78.5,9.866666667,9.966666667
1/08/2013,30,73.5,5.55,9.98
2/08/2013,31.57142857,66.42857143,11.11428571,9.994285714
3/08/2013,32.5,62.33333333,10.81666667,10.00833333
4/08/2013,32.5,62.5,5.1,9.9325
5/08/2013,29.5,77,6.783333333,10.01
6/08/2013,27.16666667,90.66666667,4.016666667,10.02166667
7/08/2013,28.375,85.25,3.25,10.01875
8/08/2013,28.5,84,6.166666667,10.005
9/08/2013,27.16666667,87.5,3.716666667,10.01
10/08/2013,29.42857143,79.85714286,6.1,10.00333333
11/08/2013,30,76.83333333,6.8,10.01166667
12/08/2013,29.5,81.5,8.35,10.01
13/08/2013,30.75,72,11.125,9.9925
14/08/2013,29.66666667,74.33333333,9.866666667,9.998333333
15/08/2013,27.71428571,85,8.2,10.01714286
16/08/2013,26.6,92,4.46,10.008
17/08/2013,27.42857143,91,14.28571429,9.994285714
18/08/2013,28.33333333,83.83333333,1.233333333,10.00166667
19/08/2013,28.16666667,84.66666667,5.55,10.005
20/08/2013,27.375,88.5,5.325,9.99
21/08/2013,28.33333333,81.16666667,10.31428571,9.992857143
22/08/2013,29.16666667,74.83333333,6.483333333,10.01166667
23/08/2013,31.28571429,73.14285714,2.642857143,10.01428571
24/08/2013,32,71.25,18.525,10.00333333
25/08/2013,29,90.75,0.925,9.9875
26/08/2013,32,69.875,6.475,9.978571429
27/08/2013,32.14285714,57.28571429,17.07142857,9.998571429
28/08/2013,30.14285714,60.71428571,11.64285714,10.03714286
29/08/2013,31.5,57,9.275,10.0325
30/08/2013,29.16666667,73,3.1,10.035
31/08/2013,29,71.75,4.65,10.0325
1/09/2013,30,65.2,11.48,10.032
2/09/2013,31.85714286,50.85714286,15.34285714,10.03714286
3/09/2013,32.75,45.5,14.8,10.015
4/09/2013,31.71428571,48,14.54285714,10.02166667
5/09/2013,31.66666667,46,13.56666667,10.015
6/09/2013,30.57142857,55.71428571,10.04285714,10.03428571
7/09/2013,30.83333333,51.83333333,6.783333333,10.04166667
8/09/2013,28,71.75,2.325,10.0725
9/09/2013,31,57.5,42.22,10.07
10/09/2013,29.66666667,66.33333333,3.7,10.05333333
11/09/2013,30.85714286,61.14285714,3.971428571,10.05571429
12/09/2013,31.16666667,60.33333333,2.783333333,10.08166667
13/09/2013,31.14285714,67.14285714,3.171428571,10.07142857
14/09/2013,30.5,67,2.783333333,10.03833333
15/09/2013,31.625,56.375,3.9375,10.01375
16/09/2013,29.66666667,60,7.1,10.02333333
17/09/2013,29.25,56.5,3.475,10.02875
18/09/2013,29.14285714,58.57142857,5.557142857,10.03142857
19/09/2013,29.8,61.6,2.96,10.018
20/09/2013,28.66666667,70,9.583333333,10.03
21/09/2013,25.2,89,5.18,10.03
22/09/2013,28.33333333,79.66666667,3.083333333,10.01666667
23/09/2013,30.28571429,68,4.5,10.01
24/09/2013,30.75,65.75,5.7875,10.0275
25/09/2013,28.57142857,75,6.614285714,10.05428571
26/09/2013,28.2,78.8,4.08,10.066
27/09/2013,29,71.25,7.4125,10.05625
28/09/2013,30,67.33333333,1.233333333,10.05333333
29/09/2013,28.14285714,79.85714286,5.557142857,10.03857143
30/09/2013,26.85714286,84.57142857,4.228571429,10.04714286
1/10/2013,28.28571429,68.71428571,6.371428571,10.07714286
2/10/2013,29.2,61.4,7.42,10.1
3/10/2013,28.6,59,7.4,10.086
4/10/2013,24.83333333,84.33333333,6.783333333,10.075
5/10/2013,28.5,69,2.0875,10.04125
6/10/2013,29.75,66.5,1.85,10.0525
7/10/2013,29.71428571,66.57142857,1.585714286,10.08857143
8/10/2013,29.2,69.4,0,10.098
9/10/2013,30.83333333,65.5,5.566666667,10.10333333
10/10/2013,29.42857143,66.28571429,3.971428571,10.10857143
11/10/2013,23.85714286,89.85714286,4.242857143,10.10571429
12/10/2013,26.14285714,82.57142857,2.914285714,10.08285714
13/10/2013,27.16666667,84.33333333,0.616666667,10.07666667
14/10/2013,27.71428571,74.85714286,5.557142857,10.07
15/10/2013,25.85714286,76.42857143,3.7,10.09142857
16/10/2013,26.42857143,75,0,10.09
17/10/2013,26.85714286,76.71428571,1.057142857,10.10428571
18/10/2013,26.33333333,73.16666667,0,10.105
19/10/2013,24.57142857,69.57142857,2.114285714,10.11571429
20/10/2013,24.33333333,67.83333333,1.55,10.10666667
21/10/2013,24.875,63.625,1.3875,10.09875
22/10/2013,27.8,53.6,0,10.11
23/10/2013,25,67.5,1.1625,10.13625
24/10/2013,23.85714286,73.14285714,1.057142857,10.13285714
25/10/2013,22.8,75.8,1.86,10.11
26/10/2013,23,78.2,0.74,10.112
27/10/2013,22.875,66.875,2.55,10.10625
28/10/2013,22.66666667,63.16666667,4.933333333,10.1
29/10/2013,23,62.71428571,3.971428571,10.11142857
30/10/2013,22.85714286,67.42857143,2.385714286,10.12857143
31/10/2013,23.66666667,58.83333333,3.083333333,10.12833333
1/11/2013,23.42857143,69.14285714,1.057142857,10.13285714
2/11/2013,21.625,65,4.6375,10.145
3/11/2013,20.625,57.875,5.5625,10.16
4/11/2013,21.16666667,54.16666667,2.466666667,10.175
5/11/2013,18.83333333,74.33333333,0,10.175
6/11/2013,20.57142857,66.71428571,3.185714286,10.15857143
7/11/2013,20.14285714,73.14285714,4.5,10.15666667
8/11/2013,18,82.2,19.9125,10.15625
9/11/2013,19.85714286,73.57142857,0.528571429,10.16714286
10/11/2013,16.83333333,72,2.466666667,10.16
11/11/2013,18.85714286,61.85714286,5.814285714,10.13428571
12/11/2013,16.57142857,71.71428571,0.8,10.13857143
13/11/2013,17.75,65,3.0125,10.1425
14/11/2013,17.625,63.375,3.475,10.1525
15/11/2013,17,67,0.925,10.165
16/11/2013,16.625,69.625,0,10.18
17/11/2013,15.57142857,67.42857143,2.385714286,10.17714286
18/11/2013,18.5,55.125,7.4125,10.16875
19/11/2013,17.875,63.5,7.175,10.155
20/11/2013,18.25,58.875,2.55,10.1275
21/11/2013,17.875,66.25,2.0875,10.13125
22/11/2013,17.625,74.875,1.1625,10.1575
23/11/2013,18.14285714,77.85714286,0.8,10.14571429
24/11/2013,19.125,58.875,5.0875,10.145
25/11/2013,21.25,49.875,9.5,10.12875
26/11/2013,21.25,51.375,9.75,10.1175
27/11/2013,19.125,68.5,2.7875,10.1475
28/11/2013,18.625,71.875,1.85,10.1775
29/11/2013,17.75,66.625,4.8625,10.16875
30/11/2013,17.875,69.625,11.8125,10.15875
1/12/2013,18,65,1.585714286,10.16142857
2/12/2013,17.25,73.25,1.85,10.15875
3/12/2013,17.5,73.5,1.3875,10.1675
4/12/2013,17.14285714,71.85714286,4.228571429,10.17
5/12/2013,17.14285714,69,6.885714286,10.15285714
6/12/2013,16.125,72.375,3.7125,10.14
7/12/2013,16,80.5,1.1625,10.1425
8/12/2013,16.5,83.625,0,10.14
9/12/2013,16.125,79.25,2.3125,10.135
10/12/2013,15.5,81.75,2.55,10.1375
11/12/2013,16.625,71.875,6.475,10.14125
12/12/2013,17.75,62.375,16.9,10.125
13/12/2013,17.14285714,67.71428571,11.62857143,10.12
14/12/2013,16.14285714,79,0.8,10.12571429
15/12/2013,15.5,86.25,2.55,10.15125
16/12/2013,15.25,89.5,1.1625,10.15625
17/12/2013,14.75,92.875,0.925,10.1425
18/12/2013,14.875,93,2.0875,10.12625
19/12/2013,16.125,89.125,3.25,10.12875
20/12/2013,15.375,91.375,4.4125,10.16
21/12/2013,14.75,94,0.4625,10.17
22/12/2013,15.25,94,1.3875,10.18375
23/12/2013,14.25,88.25,9.025,10.205
24/12/2013,13.5,84.75,5.7875,10.21375
25/12/2013,13.66666667,63.16666667,34.4875,10.20625
26/12/2013,12.125,67.625,4.4,10.1925
27/12/2013,11.875,79.875,1.1625,10.18625
28/12/2013,10.875,70,5.325,10.1925
29/12/2013,10.57142857,69.42857143,5.325,10.185
30/12/2013,12.375,79.5,6.475,10.18125
31/12/2013,14.5,89.375,4.8625,10.205
1/01/2014,13.375,89.625,7.65,10.21
2/01/2014,11,78.375,8.1,10.2025
3/01/2014,12.5,74.875,5.325,10.1775
4/01/2014,12.875,88.125,1.1625,10.1625
5/01/2014,12.375,89,0.4625,10.145
6/01/2014,11.42857143,86.28571429,27.3375,10.17625
7/01/2014,12.14285714,72.28571429,20.6,10.1775
8/01/2014,11.875,76.875,1.85,10.17875
9/01/2014,12.83333333,83,1.233333333,10.17
10/01/2014,12.375,85.375,0,10.16625
11/01/2014,12.125,82.625,6.725,10.19625
12/01/2014,12.875,80.875,3.25,10.2075
13/01/2014,14,72.375,1.1625,10.19375
14/01/2014,14.875,76.75,2.7875,10.17
15/01/2014,12,93.5,0.4625,10.1975
16/01/2014,12.28571429,90.57142857,1.585714286,10.19571429
17/01/2014,12,95.75,1.1625,10.17625
18/01/2014,12.5,94.25,1.85,10.2025
19/01/2014,14.5,84.5,3.475,10.23
20/01/2014,14.625,83.5,4.4125,10.21375
21/01/2014,13.57142857,96.85714286,7.171428571,10.20571429
22/01/2014,15.25,96.125,6.7125,10.19875
23/01/2014,15.625,90.125,6.7125,10.2025
24/01/2014,13.875,88.875,8.1125,10.1925
25/01/2014,11.75,95.625,8.3375,10.1975
26/01/2014,14.375,85.75,8.8125,10.19125
27/01/2014,16.625,72.375,9.95,10.1875
28/01/2014,16.625,69.875,7.4125,10.1675
29/01/2014,14.875,81.875,4.625,10.18625
30/01/2014,14.5,83.25,0.925,10.19375
31/01/2014,14.75,82.5,3.0125,10.1925
1/02/2014,14,79.375,2.55,10.1975
2/02/2014,15.25,76.125,1.85,10.16875
3/02/2014,18.42857143,63.85714286,12.2875,10.14125
4/02/2014,18.85714286,65.42857143,13.425,10.11
5/02/2014,17,72.75,1.625,10.115
6/02/2014,18.5,65.375,6.0125,10.10875
7/02/2014,19.625,67.25,15.05,10.0925
8/02/2014,13.625,85.375,8.1125,10.11375
9/02/2014,12.875,63.375,9.2625,10.12
10/02/2014,12.625,61.75,3.7,10.125
11/02/2014,13.375,64.625,3.7,10.135
12/02/2014,13.25,67,9.2625,10.135
13/02/2014,15.25,64.5,4.875,10.13625
14/02/2014,13,95.5,5.3375,10.11875
15/02/2014,12.375,89.5,3.9375,10.12875
16/02/2014,13.5,79,8.7875,10.16
17/02/2014,15.125,66.125,12.725,10.1775
18/02/2014,15.25,60.125,8.8,10.17375
19/02/2014,15.125,75.375,1.85,10.16625
20/02/2014,16.125,78.625,1.8625,10.1475
21/02/2014,17.125,72.25,8.7875,10.1425
22/02/2014,16.625,85.625,6.25,10.17375
23/02/2014,16.5,80,7.8875,10.19375
24/02/2014,16.375,69.375,5.3375,10.18625
25/02/2014,18.125,69,0.925,10.1725
26/02/2014,18.75,71.125,2.0875,10.1425
27/02/2014,18.625,76.625,7.175,10.13125
28/02/2014,15.625,88.375,5.8,10.13125
1/03/2014,16.14285714,87.28571429,4.242857143,10.15285714
2/03/2014,16.125,79,5.7875,10.17125
3/03/2014,17.875,65.625,3.7,10.1625
4/03/2014,18.75,66.375,3.7125,10.165
5/03/2014,18.875,67,5.325,10.16125
6/03/2014,18.375,64,4.6375,10.16375
7/03/2014,18.5,62.875,6.7125,10.17125
8/03/2014,19.875,63.875,9.9625,10.17
9/03/2014,22,56.625,7.65,10.145
10/03/2014,20,63.875,10.8875,10.14375
11/03/2014,20.71428571,70,15.6,10.13714286
12/03/2014,20,68.875,6.4875,10.1625
13/03/2014,19,60.625,9.95,10.1625
14/03/2014,19.625,61.25,5.8,10.15
15/03/2014,21.625,62.625,2.7875,10.16375
16/03/2014,23.125,58.5,6.25,10.15375
17/03/2014,26.25,52.125,6.7125,10.1125
18/03/2014,24.85714286,53.42857143,9.8,10.12857143
19/03/2014,21.75,57.375,10.1875,10.1325
20/03/2014,21.5,55,7.4,10.1075
21/03/2014,22.5,64.75,5.3375,10.07125
22/03/2014,25,59.5,3.0125,10.07
23/03/2014,22.75,61.875,9.025,10.10625
24/03/2014,22.375,73.125,9.4875,10.11625
25/03/2014,24.625,60.25,2.775,10.105
26/03/2014,25.125,58.875,2.775,10.10625
27/03/2014,23.5,63.25,4.8875,10.1175
28/03/2014,24.42857143,67.57142857,4.5,10.11142857
29/03/2014,25.875,55.625,8.35,10.1125
30/03/2014,24.125,46.75,13.9,10.09875
31/03/2014,24.125,44.125,13.2,10.0825
1/04/2014,24.875,45.75,9.7125,10.06125
2/04/2014,26.75,43.375,7.175,10.0575
3/04/2014,25,48,10.425,10.10375
4/04/2014,25.85714286,47.85714286,11.91428571,10.09857143
5/04/2014,27.375,44,9.2625,10.08875
6/04/2014,30.125,45.25,6.7125,10.075
7/04/2014,27.25,47.625,12.9625,10.09625
8/04/2014,25.75,41.875,12.725,10.10375
9/04/2014,25.75,35.25,12.7375,10.1025
10/04/2014,26.375,29.25,12.5,10.10875
11/04/2014,28.14285714,29,10.05714286,10.08571429
12/04/2014,29.125,39.875,5.1,10.07125
13/04/2014,26.875,40.375,15.5125,10.09625
14/04/2014,27.625,46.625,5.35,10.10625
15/04/2014,29,48.125,2.55,10.09125
16/04/2014,27.125,53.625,4.4,10.0825
17/04/2014,26.375,49.625,9.25,10.07
18/04/2014,24.25,64.375,14.3375,10.11625
19/04/2014,25.625,57.875,5.1,10.11375
20/04/2014,27,48,4.6375,10.105
21/04/2014,28,33.125,8.8125,10.1
22/04/2014,29.375,29.375,12.5,10.1175
23/04/2014,29.125,37,6.025,10.09
24/04/2014,29.375,35.875,7.875,10.05875
25/04/2014,30.625,34.375,8.1125,10.06125
26/04/2014,31.5,32,8.1125,10.06375
27/04/2014,30.625,30,8.35,10.07125
28/04/2014,31.5,27.875,10.1875,10.05625
29/04/2014,32.125,28.875,8.325,10.03875
30/04/2014,33.25,25.5,5.3375,10.0375
1/05/2014,34.875,22.5,9.7375,10.015
2/05/2014,34.375,24.75,6.4875,10.01875
3/05/2014,31.75,33.375,6.475,10.03625
4/05/2014,31.875,34.375,5.8,10.03
5/05/2014,29.75,53.25,9.0375,10.0575
6/05/2014,29.57142857,51.14285714,6.885714286,10.06857143
7/05/2014,31.75,48.625,1.85,10.0425
8/05/2014,31.375,43,10.6625,10.02625
9/05/2014,30.5,39.625,6.4875,10.00428571
10/05/2014,30,37.625,7.8875,10.0075
11/05/2014,29.625,40.375,7.65,10.04
12/05/2014,28,53.375,10.8875,10.04875
13/05/2014,25.25,65.75,9.9625,10.08375
14/05/2014,26.875,55.25,8.575,10.065
15/05/2014,29.5,39.875,11.125,10.0425
16/05/2014,31.125,40.25,9.4875,10.035
17/05/2014,29.875,47.625,7.175,10.07
18/05/2014,31.5,35.375,13.9,10.07375
19/05/2014,32.375,29.5,11.575,10.06625
20/05/2014,31.125,34,7.6375,10.06625
21/05/2014,33,32.5,9.7125,10.02125
22/05/2014,33.25,33.375,11.1125,9.995
23/05/2014,34.625,32.75,19.45,10
24/05/2014,31.5,50.5,6.725,10.04125
25/05/2014,31.5,43.25,16.4375,10.055
26/05/2014,30.125,54.125,4.175,10.07125
27/05/2014,31.875,49.75,2.55,10.0475
28/05/2014,33.625,44.5,3.95,10.0125
29/05/2014,35.25,40.125,4.4,9.99375
30/05/2014,33.125,44.5,11.5875,9.995714286
31/05/2014,34.625,39,6.4875,9.99625
1/06/2014,32.75,34.25,16.2,10.0325
2/06/2014,32.75,41.375,4.6375,10.0325
3/06/2014,34.875,33.625,6.4875,10
4/06/2014,35.25,33.125,7.1875,9.98125
5/06/2014,36.875,26.875,8.5625,9.96125
6/06/2014,37.5,27.625,10.2,9.94875
7/06/2014,38.5,22.75,13.1875,9.94
8/06/2014,37.625,26.25,6.725,9.93125
9/06/2014,37.875,32.125,6.025,9.93125
10/06/2014,37.25,20.875,12.0375,9.9475
11/06/2014,37.625,23.125,14.8125,9.95625
12/06/2014,32.875,39.25,24.325,9.97
13/06/2014,30.25,55.125,16.6625,9.97625
14/06/2014,30.5,66.875,6.4875,9.97375
15/06/2014,33.875,52,8.1,9.97125
16/06/2014,36.375,41.375,10.8875,9.95625
17/06/2014,36.875,42.125,15.9625,9.94125
18/06/2014,33.875,58,10.425,9.9425
19/06/2014,35.75,47.875,10.8875,9.9325
20/06/2014,38,36.125,17.825,9.91375
21/06/2014,36.875,40.125,9.7375,9.93875
22/06/2014,34.5,46.75,4.4,9.96375
23/06/2014,32.125,49.75,6.7125,9.9625
24/06/2014,33,46.25,10.1875,9.955
25/06/2014,32.25,53.25,13.2,9.97625
26/06/2014,32.5,60.375,3.2375,10.01
27/06/2014,34.75,48.5,9.4875,10.01625
28/06/2014,34.875,49,5.7875,9.99375
29/06/2014,33,57.75,9.7125,9.9775
30/06/2014,32,67.75,3.25,9.975
1/07/2014,31.375,65.125,6.25,10.00875
2/07/2014,29.5,71.375,5.7875,10.01125
3/07/2014,28.875,75.125,5.0875,9.982857143
4/07/2014,31.38888889,69,4.333333333,9.987777778
5/07/2014,34.70588235,52.05882353,9.202941176,10.00705882
6/07/2014,30.625,61.125,3.7125,10.005
7/07/2014,34,48.75,5.5625,9.9825
8/07/2014,35,39.5,9.725,9.96875
9/07/2014,36,37.125,13.65,9.965
10/07/2014,36.125,38.75,11.3375,9.96875
11/07/2014,36.625,38.625,8.7875,9.96125
12/07/2014,35.875,51.375,5.3375,9.96
13/07/2014,31.625,69.75,6.025,9.98
14/07/2014,32.375,67.875,6.725,9.97125
15/07/2014,33.125,62.625,8.825,9.96
16/07/2014,32.625,63,10.45,9.9725
17/07/2014,30.75,74.25,6.725,9.96125
18/07/2014,27.25,83.875,2.55,9.94875
19/07/2014,29.875,71,6.25,9.95125
20/07/2014,30.875,68.875,6.2625,9.9675
21/07/2014,32.125,65.5,4.65,9.96
22/07/2014,31.625,69.75,7.175,9.97
23/07/2014,30.625,72.875,8.1125,9.9775
24/07/2014,30.5,63.625,12.0375,9.987142857
25/07/2014,30.75,63.25,9.9625,10.0075
26/07/2014,32.5,61.5,7.175,10.01875
27/07/2014,31.71428571,65.42857143,6.25,10.01875
28/07/2014,30,75.75,18.05,9.99375
29/07/2014,30.25,69.875,5.7875,9.9925
30/07/2014,31.875,65.75,4.175,9.995714286
31/07/2014,32.5,65.75,7.425,9.99625
1/08/2014,33.25,59.5,6.5,9.98
2/08/2014,30.125,77.75,0.925,9.97125
3/08/2014,31.5,66.25,5.7875,9.95375
4/08/2014,30.5,69.75,5.1,9.96125
5/08/2014,29.75,77.5,1.85,9.975
6/08/2014,32.125,65,5.5625,9.96875
7/08/2014,31.125,65.375,6.95,9.97
8/08/2014,31,67.875,6.0125,9.98375
9/08/2014,29.23529412,80.47058824,6.652941176,10.01647059
10/08/2014,28.5,89.90625,5.225,10.0215625
11/08/2014,31.125,72.125,3.0125,9.99875
12/08/2014,32.125,57.5,8.3375,9.9875
13/08/2014,32.125,57.71428571,20.825,9.9825
14/08/2014,30.375,57.5,18.5125,9.97375
15/08/2014,31.125,54.875,14.5875,9.98875
16/08/2014,30.42857143,59.85714286,8.35,10.025
17/08/2014,31.375,53.875,7.1875,10.0325
18/08/2014,31.875,56.625,5.5625,10.05375
19/08/2014,33,52.42857143,6.885714286,10.04857143
20/08/2014,33.25,47.125,8.7875,10.02375
21/08/2014,32.5,43,10.8875,10.0125
22/08/2014,33,47.125,8.5625,10.02857143
23/08/2014,33.125,45.75,9.2625,10.0325
24/08/2014,33.125,46.25,11.35,10.02875
25/08/2014,33.875,46.625,7.875,10.02375
26/08/2014,34.125,40.25,9.9625,10.01375
27/08/2014,33.85714286,44.71428571,8.1125,10.01125
28/08/2014,29.625,67.75,6.725,10.0375
29/08/2014,30.375,69.25,3.7,10.035
30/08/2014,28.625,78.125,4.1625,10.02625
31/08/2014,27.625,86.125,4.4125,10.0125
1/09/2014,29.42857143,65.85714286,15.5125,10.01125
2/09/2014,29.25,71,10.425,10.01875
3/09/2014,28.625,77.875,15.0375,10.01428571
4/09/2014,27.875,80.75,9.275,10.00375
5/09/2014,26.5,85.75,8.3375,10.00142857
6/09/2014,28.5,76.875,2.0875,10.02375
7/09/2014,31,67.625,1.4,10.0325
8/09/2014,31.25,66.375,3.475,10.03125
9/09/2014,31,70.125,1.85,10.02375
10/09/2014,28.75,77.5,4.875,10.0325
11/09/2014,26.57142857,85.71428571,17.825,10.05571429
12/09/2014,28.5,73,1.625,10.05125
13/09/2014,29.375,68.25,4.1625,10.04
14/09/2014,29.125,65.5,6.7125,10.0425
15/09/2014,29.625,63.125,6.7125,10.0425
16/09/2014,30.625,65.125,6.25,10.0225
17/09/2014,30.625,61.875,7.4,10.02125
18/09/2014,30.5,62.375,6.7125,10.03875
19/09/2014,31,56.625,4.175,10.035
20/09/2014,31.125,55.75,4.4,10.02875
21/09/2014,30.5,54.875,5.5625,10.03625
22/09/2014,30.625,50,13.4375,10.045
23/09/2014,31,47,30.68571429,10.04285714
24/09/2014,29.625,53,8.1,10.0625
25/09/2014,30,52.5,9.725,10.0775
26/09/2014,30,52.5,5.7875,10.08125
27/09/2014,30.5,46.875,8.8,10.0925
28/09/2014,30.25,48.875,7.175,10.09625
29/09/2014,30.5,48.75,7.4125,10.09125
30/09/2014,30.625,50.125,6.7125,10.09625
1/10/2014,30.42857143,52.85714286,3.171428571,10.10428571
2/10/2014,30.375,53.375,2.7875,10.09125
3/10/2014,30.5,52.625,1.85,10.08
4/10/2014,31,53.5,0,10.085
5/10/2014,30.625,56.125,0,10.10375
6/10/2014,30.625,56.75,0,10.10125
7/10/2014,31,59.375,1.1625,10.08375
8/10/2014,28.75,52.75,3.7125,10.09875
9/10/2014,27.625,49.875,3.2375,10.10125
10/10/2014,27.125,57.375,3.2375,10.0875
11/10/2014,25.71428571,57.14285714,6.9375,10.0825
12/10/2014,26,58.625,0.4625,10.08375
13/10/2014,27.625,59.75,8.8,10.09875
14/10/2014,24.5,67.625,5.325,10.10875
15/10/2014,24.5,68,3.2625,10.13375
16/10/2014,23,58.875,4.8625,10.14
17/10/2014,25,47.66666667,25.0125,10.13625
18/10/2014,24,56.14285714,21.3,10.12875
19/10/2014,23.75,57.75,4.1625,10.12625
20/10/2014,24.75,55.625,4.4,10.13125
21/10/2014,25.625,56.125,2.0875,10.14625
22/10/2014,25.75,64.875,0.4625,10.145
23/10/2014,25.25,66,0.925,10.1275
24/10/2014,25.5,67.5,1.85,10.1175
25/10/2014,25.25,67.125,0.925,10.12375
26/10/2014,25.125,65.5,2.0875,10.14875
27/10/2014,24.875,62.875,1.8625,10.1375
28/10/2014,25.125,64.75,2.5625,10.12
29/10/2014,24.75,65.75,1.625,10.12125
30/10/2014,23.875,61.375,1.85,10.145
31/10/2014,23.375,58.25,3.7125,10.13625
1/11/2014,22.5,50.875,5.325,10.14125
2/11/2014,22.875,49.125,7.1875,10.145
3/11/2014,23.375,52.75,4.1625,10.135
4/11/2014,23.625,56.625,3.9375,10.12125
5/11/2014,22.75,56.25,4.625,10.12375
6/11/2014,23,56.25,6.25,10.11625
7/11/2014,24,66.125,2.3125,10.12875
8/11/2014,23.875,66.25,1.625,10.14625
9/11/2014,24.125,56.375,4.1625,10.15125
10/11/2014,21.375,52.125,3.475,10.14
11/11/2014,19.25,55.125,2.325,10.1475
12/11/2014,19.625,52,2.3125,10.15875
13/11/2014,18.5,50.5,3.2375,10.165
14/11/2014,18.375,43,7.4125,10.16375
15/11/2014,18.625,44.75,2.775,10.14875
16/11/2014,18.25,47.625,2.55,10.15375
17/11/2014,17.75,51.75,2.775,10.16125
18/11/2014,17.625,53,2.0875,10.17875
19/11/2014,17.5,58.125,1.1625,10.165
20/11/2014,20.375,54.625,3.025,10.13375
21/11/2014,18.25,62.125,3.2375,10.1275
22/11/2014,19.875,58.875,1.625,10.11375
23/11/2014,17.125,57.375,1.3875,10.14625
24/11/2014,16.875,52.25,4.175,10.16
25/11/2014,16.5,51.5,2.55,10.14875
26/11/2014,19.625,51,5.55,10.09875
27/11/2014,18.125,63.875,0,10.1175
28/11/2014,19.375,67.375,0,10.125
29/11/2014,20.25,67.625,0,10.12375
30/11/2014,19.75,54.75,2.55,10.14
1/12/2014,20,42.625,8.8,10.1375
2/12/2014,21.375,47.625,7.875,10.1275
3/12/2014,25,66.57142857,11.37142857,10.07
4/12/2014,21.25,68.875,4.8625,10.10375
5/12/2014,17.75,59.875,2.55,10.17125
6/12/2014,18.25,48.875,4.8625,10.16375
7/12/2014,17.25,48.375,4.8625,10.1475
8/12/2014,17,49.875,2.775,10.15
9/12/2014,15.28571429,67.57142857,0,10.16857143
10/12/2014,21.5,65.5,4.8625,10.105
11/12/2014,19.625,70.5,3.25,10.11625
12/12/2014,17.5,65.625,0.4625,10.14375
13/12/2014,16,71.875,8.8,10.16125
14/12/2014,16.875,86.625,3.95,10.145
15/12/2014,16.625,75.75,2.325,10.16125
16/12/2014,17.75,72.375,7.425,10.17375
17/12/2014,12.875,72.125,6.4875,10.2025
18/12/2014,11.75,79.75,3.0125,10.21375
19/12/2014,11.75,81.75,0.4625,10.22125
20/12/2014,11.25,77,5.8,10.1875
21/12/2014,9.5,79.125,0.925,10.18
22/12/2014,9.375,85,1.3875,10.17125
23/12/2014,9.625,78.625,1.625,10.17875
24/12/2014,9.875,83,3.475,10.2125
25/12/2014,9.25,81.125,8.1,10.20125
26/12/2014,10.75,77,7.6375,10.1775
27/12/2014,10.375,69,2.775,10.18625
28/12/2014,9,86,0.7,10.1975
29/12/2014,11.125,72.625,1.3875,10.1725
30/12/2014,11.625,70.625,2.55,10.14625
31/12/2014,12.375,67.125,2.7875,10.16875
1/01/2015,14.75,72,0.925,10.175
2/01/2015,14.875,96.625,3.0125,10.17875
3/01/2015,15.125,92,0.925,10.17375
4/01/2015,14.125,78.75,9.5125,10.19625
5/01/2015,14,69.375,15.05,10.16
6/01/2015,12,79.875,4.4,10.155
7/01/2015,9.625,86,3.9375,10.16625
8/01/2015,10,87.875,3.4875,10.19125
9/01/2015,10.625,80.625,1.625,10.20125
10/01/2015,11.125,73.125,4.4125,10.18875
11/01/2015,11,80.75,4.8625,10.19125
12/01/2015,10.625,79.5,0.925,10.195
13/01/2015,12.25,77.875,4.875,10.17125
14/01/2015,12,82.25,5.1,10.175
15/01/2015,12.375,79.125,0.925,10.19375
16/01/2015,13,78.125,4.6375,10.1925
17/01/2015,13.5,76.625,1.8625,10.1925
18/01/2015,13,73.875,2.55,10.1875
19/01/2015,13.75,78,1.85,10.18875
20/01/2015,13.375,74.375,7.1875,10.2
21/01/2015,13.25,73.375,3.7,10.21
22/01/2015,12.625,94.125,3.2375,10.20625
23/01/2015,14.625,85,1.1625,10.2
24/01/2015,12.375,86.25,9.7375,10.2075
25/01/2015,13.25,77.75,4.1625,10.20375
26/01/2015,13.75,88.125,0.925,10.19875
27/01/2015,13.25,74.25,5.3375,10.19333333
28/01/2015,11.71428571,67,27.775,10.1825
29/01/2015,11.5,67.5,3.9375,10.1975
30/01/2015,12.75,56.125,12.0375,10.20375
31/01/2015,13.75,57.625,9.025,10.17875
1/02/2015,15,65.25,5.1,10.1775
2/02/2015,17.375,63.875,11.8125,10.175
3/02/2015,16.75,71.25,7.175,10.205
4/02/2015,14.625,81.125,9.25,10.22
5/02/2015,14.625,62.875,7.4,10.1925
6/02/2015,15.125,62.625,3.0125,10.19
7/02/2015,15.875,67.625,1.85,10.17
8/02/2015,16.625,63.875,4.4125,10.17375
9/02/2015,16.875,63.5,5.55,10.1975
10/02/2015,15.75,64,4.625,10.1975
11/02/2015,16,66.625,1.85,10.17125
12/02/2015,15.5,69.625,6.025,10.16125
13/02/2015,17.25,59,6.725,10.12625
14/02/2015,19.375,63.125,4.1625,10.09625
15/02/2015,18.875,70.125,1.3875,10.12625
16/02/2015,20.625,71.25,10.425,10.13625
17/02/2015,21.14285714,72.57142857,5.028571429,10.11857143
18/02/2015,21.25,72.875,5.1,10.1175
19/02/2015,22.75,73.5,7.65,10.12
20/02/2015,22.75,67.125,7.1875,10.13875
21/02/2015,21.875,63.5,11.3375,10.14125
22/02/2015,22.14285714,58.85714286,14.8125,10.13375
23/02/2015,21.5,74.375,3.025,10.1425
24/02/2015,22.875,72.375,6.0375,10.10625
25/02/2015,23.125,58.625,6.5,10.085
26/02/2015,20,34.375,6.7125,10.09875
27/02/2015,19.25,43.125,5.8,10.13
28/02/2015,21.25,45.5,6.95,10.13
1/03/2015,17.375,92.75,14.8125,10.11125
2/03/2015,17.5,89.875,6.725,10.125
3/03/2015,16.25,82.5,5.5625,10.1375
4/03/2015,16.75,69.25,6.7125,10.14
5/03/2015,18.75,64,3.7,10.1575
6/03/2015,20,62.375,5.0875,10.16375
7/03/2015,18.375,80.375,4.175,10.13714286
8/03/2015,19.5,74.125,7.8875,10.15375
9/03/2015,18.125,54.25,12.2625,10.21
10/03/2015,17.75,68.5,8.5625,10.19125
11/03/2015,18.25,69.875,6.025,10.18125
12/03/2015,20.5,63.375,5.325,10.17
13/03/2015,21.375,65.25,4.175,10.1475
14/03/2015,21.5,64.625,7.875,10.15125
15/03/2015,17.625,89.125,11.575,10.155
16/03/2015,19.85714286,81.85714286,8.5625,10.17375
17/03/2015,20.875,70.375,13.2,10.15875
18/03/2015,20.25,69.625,12.2625,10.135
19/03/2015,21.125,66,5.3375,10.14875
20/03/2015,22.5,65.75,9.025,10.14875
21/03/2015,24.875,60.5,5.7875,10.14875
22/03/2015,25.125,64,10.2,10.12
23/03/2015,24.75,65.75,7.6375,10.1
24/03/2015,25.75,65.5,1.3875,10.1025
25/03/2015,26.625,65.625,2.55,10.11857143
26/03/2015,28.5,54.375,9.2625,10.13
27/03/2015,27.375,51.375,7.65,10.12
28/03/2015,27,53.625,3.7125,10.09625
29/03/2015,25,52.75,13.1875,10.08625
30/03/2015,23.5,66.25,14.8125,10.10375
31/03/2015,25.25,64.875,3.7,10.10142857
1/04/2015,26.42857143,59.71428571,6.7125,10.075
2/04/2015,28.71428571,45.28571429,10.175,10.04625
3/04/2015,24.5,71.125,6.9625,10.0475
4/04/2015,21,77.5,1.3875,10.0525
5/04/2015,23.57142857,67.71428571,17.6,10.0775
6/04/2015,25,60.125,2.775,10.0775
7/04/2015,23.75,62.125,9.7375,10.1025
8/04/2015,25.625,50.375,6.7125,10.12
9/04/2015,26,52.875,9.0375,10.105
10/04/2015,27.125,52.25,6.25,10.085
11/04/2015,28.25,44.875,8.1,10.08375
12/04/2015,24.375,63,5.325,10.12375
13/04/2015,24.75,70.875,6.95,10.1375
14/04/2015,26.25,62.75,3.0125,10.1275
15/04/2015,27.625,59.25,5.7875,10.12875
16/04/2015,25.25,58.25,8.1125,10.13875
17/04/2015,28.125,48.75,8.3375,10.07125
18/04/2015,30.125,44.5,5.5625,10.02375
19/04/2015,32.125,41,4.175,10.03875
20/04/2015,32.875,37.875,7.1875,10.0575
21/04/2015,31.75,28.5,11.1125,10.05625
22/04/2015,30.75,30.25,11.35,10.03125
23/04/2015,30.75,33,8.1,10.04
24/04/2015,31.125,39.5,2.55,10.04375
25/04/2015,30.5,43.125,12.975,10.05875
26/04/2015,28.75,51.125,15.7375,10.08
27/04/2015,30.125,53,17.5875,10.0675
28/04/2015,31,48.25,12.5125,10.045
29/04/2015,31.25,47.25,9.025,10.05
30/04/2015,32.625,44.75,15.05,10.04
1/05/2015,31.25,43.5,5.3375,10.05875
2/05/2015,30.125,40.25,4.4,10.0625
3/05/2015,31,39.25,3.0125,10.06625
4/05/2015,30.875,39.25,3.9375,10.06625
5/05/2015,32.125,31.125,7.65,10.03875
6/05/2015,34.125,22,11.3625,10.01875
7/05/2015,35.42857143,13.42857143,15.34285714,10.03571429
8/05/2015,34.125,22.375,12.275,10.0325
9/05/2015,35.125,27,8.3375,10.01625
10/05/2015,35.125,25,6.9625,10.01375
11/05/2015,34,32.625,10.8875,10.03625
12/05/2015,33.125,46,6.0375,10.04875
13/05/2015,27.75,61,6.7125,10.06125
14/05/2015,29.625,49.625,4.4125,10.0725
15/05/2015,28.5,52.125,7.175,10.065
16/05/2015,30,51.625,4.1625,10.0325
17/05/2015,33.25,40.375,8.35,10.01125
18/05/2015,35.375,35.75,5.5625,10
19/05/2015,31.5,44,14.8125,10.02125
20/05/2015,33.125,31.625,14.6,10.02
21/05/2015,35.625,24.625,11.3375,10.00375
22/05/2015,36.25,19.5,12.5125,9.98125
23/05/2015,37.375,21.75,12.725,9.96125
24/05/2015,36,29.25,5.1,9.97375
25/05/2015,37.75,22.25,10.875,9.96875
26/05/2015,35.25,26.625,17.125,10.015
27/05/2015,33.75,20.5,6.7125,10.0125
28/05/2015,34.75,29.5,8.3375,10.00625
29/05/2015,35.125,27.25,8.125,10.01625
30/05/2015,32.25,38.75,12.2625,10.03875
31/05/2015,34.25,25,14.5875,10.0175
1/06/2015,29.375,41.75,12.5125,10.0325
2/06/2015,31.625,39.25,8.575,10.035
3/06/2015,28.625,50.5,6.725,10.04625
4/06/2015,31.875,48.375,4.8625,10.04
5/06/2015,32.625,39.875,6.0125,10.035
6/06/2015,33.375,39.75,7.8625,10.01375
7/06/2015,35,36.25,7.175,9.9925
8/06/2015,36.5,33,6.25,9.98875
9/06/2015,37.625,23.875,18.75,9.98875
10/06/2015,36.625,32.28571429,18.05,9.99625
11/06/2015,35.625,34.75,18.2875,10
12/06/2015,35.875,34.625,12.7375,9.985
13/06/2015,31.125,48.125,10.1875,9.988571429
14/06/2015,27,77.625,3.95,10.00285714
15/06/2015,31,60.75,3.0125,9.995714286
16/06/2015,32.375,52.125,2.7875,9.991428571
17/06/2015,33.875,49.75,3.25,9.98
18/06/2015,35.125,45.125,3.0125,9.97625
19/06/2015,35.875,46.75,8.575,9.9625
20/06/2015,33.125,48.5,12.975,9.97875
21/06/2015,30.375,63.625,8.1125,9.98125
22/06/2015,32.125,59.5,4.4,9.95625
23/06/2015,31.5,61.625,6.0125,9.95
24/06/2015,37.25,63.875,6.5,9.95375
25/06/2015,26.625,82.75,6.2625,9.9475
26/06/2015,31.125,54.25,11.5625,9.9525
27/06/2015,32.625,48.25,14.1125,9.97125
28/06/2015,34.25,47.5,9.0375,10.00285714
29/06/2015,31.125,56.625,11.5625,10.03625
30/06/2015,30.875,58.625,9.9625,10.02625
1/07/2015,32,53.25,4.175,10.01875
2/07/2015,33.75,45.875,6.95,10.01125
3/07/2015,33,49,14.35,9.99625
4/07/2015,34.125,51.5,16.9,9.975
5/07/2015,35.71428571,47.28571429,14.01428571,9.954285714
6/07/2015,27.875,83.25,9.275,9.97875
7/07/2015,28.125,86.125,1.85,9.98125
8/07/2015,31.25,72,2.775,9.98625
9/07/2015,29.625,77.25,2.55,9.98625
10/07/2015,26.625,92.125,6.025,9.9875
11/07/2015,25.5,98,3.2375,9.993333333
12/07/2015,25.5,94.75,7.425,9.98625
13/07/2015,29.875,73.125,4.8625,10.00625
14/07/2015,30.875,67.875,10.875,9.978571429
15/07/2015,33.375,52.875,17.1375,9.9375
16/07/2015,31.75,61.375,13.4375,9.9475
17/07/2015,30.75,75.625,4.4,9.9725
18/07/2015,29.5,78.875,4.175,9.98
19/07/2015,30.125,70,0.7,9.97625
20/07/2015,29.125,78,4.8625,9.99125
21/07/2015,31.375,69.25,8.125,10
22/07/2015,32.25,64.125,7.875,10.01125
23/07/2015,32.125,64.875,8.575,10.0175
24/07/2015,32,64.75,6.7125,10.01
25/07/2015,30.85714286,71,19.9125,9.985714286
26/07/2015,30,71.625,16.8875,9.98875
27/07/2015,29.625,69,11.3375,10.00285714
28/07/2015,29.5,61,11.5875,10.00125
29/07/2015,28.5,68.125,10.875,9.98
30/07/2015,29,67.75,9.9625,9.98875
31/07/2015,29,71,4.175,9.9975
1/08/2015,28.25,71.75,0.925,10.0275
2/08/2015,29.625,69.5,2.55,10.03625
3/08/2015,31.5,58.625,5.325,10.01875
4/08/2015,29.42857143,77.78571429,4.771428571,10.00071429
5/08/2015,29.59375,79.65625,8.221875,10.0028125
6/08/2015,29.5,79.125,3.025,9.98
7/08/2015,29.25,83,2.3125,10
8/08/2015,28.875,84.875,1.625,10.02
9/08/2015,27.375,90.125,3.0125,10.0025
10/08/2015,30.375,77,0,10
11/08/2015,28.375,86.625,0.4625,10.03
12/08/2015,30.75,74.25,0,10.03125
13/08/2015,32,69.5,0.4625,10.01875
14/08/2015,30.875,72.625,3.475,10.02
15/08/2015,28.5,85.5,0,10.0275
16/08/2015,28.625,82.625,1.85,10.02875
17/08/2015,30.75,72.625,0.7,10.01375
18/08/2015,29.125,72.875,4.875,10.02571429
19/08/2015,31.25,61.25,33.325,10.02375
20/08/2015,30.75,58.625,14.6,10.01375
21/08/2015,29.375,72,8.575,10.02
22/08/2015,30.25,65.375,5.8,10.00875
23/08/2015,29.875,69.375,5.5625,10.00857143
24/08/2015,30.75,65.625,7.1875,10.0175
25/08/2015,32,57.28571429,10.07142857,10.01
26/08/2015,32,61,4.8625,10.01125
27/08/2015,32.5,61,5.325,10.02
28/08/2015,32,63.5,2.3125,10.0225
29/08/2015,32.25,58,5.8125,10.01375
30/08/2015,32.625,56.5,9.275,10.01375
31/08/2015,31.85714286,54.42857143,13.48571429,10.01833333
1/09/2015,32.125,47.625,15.275,10.00857143
2/09/2015,31.875,45.625,12.7375,10.0175
3/09/2015,31.625,49.125,10.1875,10.055
4/09/2015,32,42.625,11.35,10.07875
5/09/2015,30.875,47.25,7.6375,10.07125
6/09/2015,31.25,41.8,7.6375,10.0625
7/09/2015,31.5,46.375,9.4875,10.0575
8/09/2015,31.625,47,11.8125,10.055
9/09/2015,31,47.875,10.1875,10.05625
10/09/2015,31.25,46.5,8.575,10.0675
11/09/2015,30.75,49.75,6.0125,10.0625
12/09/2015,32.14285714,54.42857143,3.171428571,10.06
13/09/2015,32.125,55.25,1.3875,10.05875
14/09/2015,31.875,54.375,2.55,10.03625
15/09/2015,33,55,0.4625,10.0325
16/09/2015,32.375,55,1.4,10.03625
17/09/2015,31.375,58.375,1.1625,10.04375
18/09/2015,31,67.625,7.4125,10.05125
19/09/2015,30.625,74.25,2.0875,10.03625
20/09/2015,29.14285714,69.14285714,5.557142857,10.02857143
21/09/2015,30.125,64.5,5.8,10.025
22/09/2015,30.25,64.375,10.1875,10.025
23/09/2015,28.625,61.25,13.675,10.06375
24/09/2015,28.25,52.375,11.575,10.04625
25/09/2015,28.5,49.375,8.575,10.0375
26/09/2015,29.25,53.5,6.25,10.0525
27/09/2015,28.71428571,58.14285714,2.914285714,10.07
28/09/2015,28.25,58.5,3.9375,10.09
29/09/2015,29,54.57142857,9.528571429,10.10571429
30/09/2015,29,46.875,8.3375,10.11375
1/10/2015,28.125,51.25,5.575,10.12
2/10/2015,28.28571429,53.71428571,14.5875,10.1075
3/10/2015,30,52.33333333,18.78571429,10.08714286
4/10/2015,29,54.375,3.025,10.08125
5/10/2015,28.875,59.375,1.3875,10.0925
6/10/2015,28.375,61.125,4.6375,10.09
7/10/2015,28.625,65.75,6.475,10.09125
8/10/2015,28.375,65.125,4.4125,10.075
9/10/2015,28.5,59.75,6.025,10.0425
10/10/2015,28.5,54.625,6.7125,10.05
11/10/2015,28.57142857,51.57142857,6.885714286,10.08714286
12/10/2015,29.25,54.125,3.25,10.1
13/10/2015,29.5,62.875,3.725,10.11
14/10/2015,28.125,63.625,4.875,10.1325
15/10/2015,27.5,66,0.4625,10.135
16/10/2015,27.875,62.625,0.925,10.135
17/10/2015,28,63.75,3.7125,10.1225
18/10/2015,26.85714286,71.71428571,11.1125,10.13125
19/10/2015,28.14285714,66.28571429,3.457142857,10.11714286
20/10/2015,27.71428571,64.85714286,2.914285714,10.09857143
21/10/2015,26.5,62.125,2.0875,10.11875
22/10/2015,24.75,56,4.4,10.1225
23/10/2015,24,51.625,4.8625,10.11875
24/10/2015,24.875,53.25,1.4,10.11625
25/10/2015,26.375,47.125,5.575,10.1275
26/10/2015,25.625,52.125,5.575,10.14875
27/10/2015,24.75,54.25,3.475,10.13875
28/10/2015,20.875,57.25,7.875,10.15875
29/10/2015,22.125,63.5,1.85,10.16875
30/10/2015,22.375,67.25,1.625,10.16375
31/10/2015,22.375,69.375,1.1625,10.16125
1/11/2015,22.875,70.5,0.925,10.1625
2/11/2015,23.375,71.375,0.4625,10.15875
3/11/2015,24,67.875,0.475,10.1425
4/11/2015,23.75,69,0.925,10.1225
5/11/2015,22.125,75.25,5.1,10.12375
6/11/2015,22.875,74.375,2.325,10.1275
7/11/2015,21.875,74.875,1.1625,10.14625
8/11/2015,21.875,70.25,1.8625,10.15875
9/11/2015,21.75,73.625,0.7,10.15
10/11/2015,22.75,72.625,0.7,10.135
11/11/2015,21.875,59.5,4.6375,10.14375
12/11/2015,21.875,60.5,5.7875,10.15375
13/11/2015,22.375,59.375,5.325,10.14875
14/11/2015,22.375,59.625,3.475,10.12
15/11/2015,22.5,62,0,10.12
16/11/2015,21.875,50.375,2.7875,10.12625
17/11/2015,19.875,48.375,5.1,10.135
18/11/2015,18.5,57.625,4.4,10.16375
19/11/2015,18.5,64.75,0.925,10.175
20/11/2015,18.5,66,0.4625,10.16125
21/11/2015,18.75,67.625,1.3875,10.155
22/11/2015,18.625,64.875,0.4625,10.15125
23/11/2015,17,73.5,0,10.15875
24/11/2015,18.5,63,1.625,10.16
25/11/2015,19.375,56.375,5.7875,10.1475
26/11/2015,20,59.5,0.925,10.1275
27/11/2015,18.5,66.25,2.55,10.1125
28/11/2015,18.75,82.125,1.1625,10.15375
29/11/2015,18.125,81.25,1.1625,10.18
30/11/2015,19.5,82.375,0.925,10.1675
1/12/2015,19.25,78.75,1.625,10.1475
2/12/2015,18.125,72.125,2.0875,10.16125
3/12/2015,17.625,70.25,7.1875,10.16
4/12/2015,17.625,67.5,4.6375,10.15
5/12/2015,17.5,72.375,0.925,10.15875
6/12/2015,17.125,75.875,1.4,10.165
7/12/2015,17.625,76.875,2.3125,10.1725
8/12/2015,18.42857143,71.28571429,1.057142857,10.15714286
9/12/2015,18.375,78.125,3.475,10.1525
10/12/2015,19,77.25,2.0875,10.1175
11/12/2015,17.25,77.875,5.1,10.11375
12/12/2015,13.25,91,4.4,10.1425
13/12/2015,12.875,67,3.475,10.165
14/12/2015,13.25,63.625,7.4,10.17
15/12/2015,13.125,63.875,5.325,10.165
16/12/2015,13,65.5,1.1625,10.16375
17/12/2015,12.25,73.625,0.925,10.16875
18/12/2015,12.875,71.25,4.4,10.18625
19/12/2015,12.375,71.875,3.4875,10.19
20/12/2015,11.75,70.25,1.1625,10.185
21/12/2015,12.625,74.75,1.3875,10.18875
22/12/2015,12,79.875,0.7,10.20875
23/12/2015,12.5,81.375,3.4875,10.20625
24/12/2015,11.25,68.625,6.025,10.2125
25/12/2015,11.5,66.125,5.5625,10.22
26/12/2015,12.75,64.5,6.4875,10.21125
27/12/2015,15.375,63.25,7.8875,10.20625
28/12/2015,17.125,58.125,10.8875,10.20875
29/12/2015,16.375,65,7.4125,10.18125
30/12/2015,15.5,71.75,2.1,10.175
31/12/2015,15,71.375,2.0875,10.205
1/01/2016,14.71428571,72.28571429,1.057142857,10.21142857
2/01/2016,14,75.875,2.0875,10.21
3/01/2016,14.375,74.75,5.1125,10.185
4/01/2016,15.75,77.125,0,10.17625
5/01/2016,15.83333333,88.83333333,0.616666667,10.17
6/01/2016,17.375,81.625,2.3125,10.165
7/01/2016,17.125,87,0,10.18125
8/01/2016,15.5,83.25,7.8875,10.1725
9/01/2016,15.85714286,65.14285714,8.471428571,10.15428571
10/01/2016,15.625,74.375,2.775,10.175
11/01/2016,15.75,74.875,1.625,10.175
12/01/2016,18,69.6875,6.03125,10.149375
13/01/2016,18.26666667,75.8,5.08,10.14333333
14/01/2016,15.5625,80.4375,4.3,10.16125
15/01/2016,13,84.1875,10.775,10.17
16/01/2016,13.6,80.06666667,11.24,10.146
17/01/2016,14,77.66666667,2.106666667,10.162
18/01/2016,13.26666667,80.46666667,1.48,10.14733333
19/01/2016,12.35714286,88.57142857,4.65,10.15285714
20/01/2016,12.06666667,84.2,6.193333333,10.18666667
21/01/2016,12.1875,73.1875,7.8875,10.201875
22/01/2016,11.73333333,83.4,3.586666667,10.19466667
23/01/2016,14.4375,75.875,3.25,10.198125
24/01/2016,11.1875,86.25,6.625,10.190625
25/01/2016,11.66666667,75.4,4.58,10.172
26/01/2016,14.5625,79.6875,2.55,10.15375
27/01/2016,17.58333333,69.16666667,4.025,10.14166667
28/01/2016,16.85714286,69.35714286,5.028571429,10.15071429
29/01/2016,19.5625,70.625,2.54375,10.17375
30/01/2016,20.14285714,78.5,1.2,10.145
31/01/2016,17.375,78.25,7.7625,10.16
1/02/2016,15.84615385,65.76923077,7.269230769,10.17153846
2/02/2016,15.26666667,55.86666667,8.893333333,10.182
3/02/2016,13.125,66.5,7.622222222,10.18
4/02/2016,16.36363636,53,6.941666667,10.17333333
5/02/2016,12.66666667,70.66666667,2.166666667,10.16833333
6/02/2016,15.33333333,69.5,3.7,10.13333333
7/02/2016,15.625,77,2.7875,10.1575
8/02/2016,17.09090909,67.18181818,5.9,10.17090909
9/02/2016,17.76923077,67.46153846,5.846153846,10.14692308
10/02/2016,18.13333333,64.86666667,2.1,10.12733333
11/02/2016,19.6875,54.75,6.03125,10.1125
12/02/2016,19.2,57.86666667,0.746666667,10.12533333
13/02/2016,17.06666667,62.13333333,5.806666667,10.14866667
14/02/2016,17.64285714,61.92857143,8.071428571,10.17214286
15/02/2016,17.6,59.53333333,5.94,10.18733333
16/02/2016,18.21428571,56.14285714,5.435714286,10.20071429
17/02/2016,18.71428571,59.28571429,3.707142857,10.19142857
18/02/2016,19.46666667,76,5.186666667,10.174
19/02/2016,23.15384615,70.23076923,4.146153846,10.14615385
20/02/2016,23.625,73.125,11.11875,10.14125
21/02/2016,21,61.125,17.1375,10.1475
22/02/2016,21,51.42857143,15.20714286,10.14428571
23/02/2016,21.42857143,50.64285714,9.785714286,10.125
24/02/2016,21.6875,58.0625,2.44375,10.129375
25/02/2016,22.5625,57.5,5.3375,10.155
26/02/2016,22.8,55.6,2.48,10.184
27/02/2016,22.8,59,3.333333333,10.18466667
28/02/2016,23,63.0625,3.7125,10.189375
29/02/2016,23.875,63.9375,3.7125,10.18625
1/03/2016,24.91666667,57.41666667,1.7,10.15
2/03/2016,24.93333333,57.06666667,1.733333333,10.154
3/03/2016,26,55.61538462,4.292307692,10.14615385
4/03/2016,27.3125,44.25,6.14375,10.126875
5/03/2016,23.93333333,57.13333333,11,10.12666667
6/03/2016,22.8125,66.5625,5.21875,10.130625
7/03/2016,23.71428571,64.14285714,5.171428571,10.12357143
8/03/2016,23.42857143,60.21428571,6.742857143,10.11642857
9/03/2016,24,57.5625,9.375,10.120625
10/03/2016,25.5625,57.4375,7.98125,10.131875
11/03/2016,25.06666667,67.8,6.546666667,10.12533333
12/03/2016,24.5625,66.9375,9.4875,10.095625
13/03/2016,24.25,65.1875,6.84375,10.111875
14/03/2016,22.375,66,6.275,10.143125
15/03/2016,24.06666667,58.93333333,8.646666667,10.14866667
16/03/2016,23.9375,53.75,10.88125,10.128125
17/03/2016,26.3125,50.3125,6.84375,10.104375
18/03/2016,26.1875,61.25,6.7125,10.098125
19/03/2016,26.78571429,61.85714286,3.578571429,10.09214286
20/03/2016,27.13333333,58.73333333,2.846666667,10.10333333
21/03/2016,26.625,43.375,12.2625,10.11125
22/03/2016,25.0625,37.875,22.1,10.09375
23/03/2016,26.2,43.26666667,10.64166667,10.1
24/03/2016,28.13333333,46.86666667,3.213333333,10.13333333
25/03/2016,29.875,50.1875,3.36875,10.131875
26/03/2016,24.66666667,62.66666667,9.393333333,10.136
27/03/2016,26.25,53.6875,9.15625,10.128125
28/03/2016,25.93333333,52.8,6.546666667,76.79333333
29/03/2016,27.125,47.75,7.29375,10.113125
30/03/2016,29.57142857,39.78571429,7.021428571,10.11142857
31/03/2016,30,39.73333333,4.333333333,10.092
1/04/2016,30.57142857,38.21428571,12.03571429,10.06714286
2/04/2016,32.3125,38.5625,5.4625,10.08
3/04/2016,33.3125,44.25,2.55,10.08375
4/04/2016,32.8125,33.125,8,10.066875
5/04/2016,32.3125,29.3125,9.26875,10.07
6/04/2016,31.375,33.125,3.475,10.06875
7/04/2016,29.93333333,37,10.85,10.07266667
8/04/2016,29.26666667,36,4.686666667,10.092
9/04/2016,30.73333333,32.46666667,12.61875,10.093125
10/04/2016,32.25,29,5.225,10.088125
11/04/2016,29.8,35,16.04,10.094
12/04/2016,30.2,36.2,19.38,10.06333333
13/04/2016,31.75,28.0625,18.64375,10.033125
14/04/2016,33.125,23.875,10.425,10.038125
15/04/2016,33.625,25.375,9.8375,10.04625
16/04/2016,35.6875,23.6875,11.1125,10.030625
17/04/2016,34.66666667,23.86666667,9.386666667,10.02666667
18/04/2016,34.625,30.125,7.175,10.046875
19/04/2016,34,33.6,4.566666667,10.05866667
20/04/2016,34.0625,25.9375,14.01875,10.064375
21/04/2016,34,24.66666667,15.75,10.034
22/04/2016,33.25,24.25,8.35,10.01727273
23/04/2016,31.91666667,21.81818182,19.65384615,10.01846154
24/04/2016,31.3125,22.125,10.1875,10.030625
25/04/2016,31.75,22.8125,6.95,10.055625
26/04/2016,33.4375,25.1875,3.83125,10.071875
27/04/2016,33.125,29.0625,4.98125,10.056875
28/04/2016,34.15384615,21.76923077,11.82307692,10.04692308
29/04/2016,34.07142857,23.28571429,9.123076923,10.05714286
30/04/2016,33.0625,25.5625,5.2125,10.048125
1/05/2016,34.6875,23.375,8.575,10.024375
2/05/2016,38,18.46666667,9.513333333,10.022
3/05/2016,35.5,30.375,6.49375,10.043125
4/05/2016,33.71428571,31.85714286,10.46428571,10.03785714
5/05/2016,30.6,42,11.24666667,10.07466667
6/05/2016,31.4375,37.4375,8.225,10.07
7/05/2016,33.3125,37.1875,4.65,10.055625
8/05/2016,35.13333333,36.33333333,7.293333333,10.05933333
9/05/2016,33.53333333,40.6,18.425,10.060625
10/05/2016,34,39.75,10.55625,10.065625
11/05/2016,32.5,49.9375,7.775,10.060625
12/05/2016,35.375,40,5.1,10.0225
13/05/2016,37.29411765,28.11764706,8.070588235,10.01352941
14/05/2016,36.5625,31.875,4.16875,10.03125
15/05/2016,37.25,29.5,4.75,10.035625
16/05/2016,37.21428571,23.5,9.02,10.008
17/05/2016,37.5,25.8125,9.6125,9.989375
18/05/2016,37.75,27.625,8.45,9.978125
19/05/2016,37.375,40.5,9.3875,9.98625
20/05/2016,37.4,44.2,8.413333333,9.969333333
21/05/2016,36.13333333,45.4,10.87333333,9.959333333
22/05/2016,36.8,44.8,6.553333333,9.964666667
23/05/2016,32.21428571,47.92857143,14.95,9.995714286
24/05/2016,31.52631579,53.52631579,8.494736842,10.00736842
25/05/2016,33.2173913,46.60869565,10.16086957,9.974782609
26/05/2016,35.26923077,44.57692308,15.17692308,9.991538462
27/05/2016,38.27272727,26.09090909,15.31818182,9.999545455
28/05/2016,36.0625,37.25,14.40555556,9.998333333
29/05/2016,31.5,57.0625,11.68125,10.0125
30/05/2016,26.8125,74.8125,9.4875,10.038125
31/05/2016,32.64285714,51.21428571,7.407142857,10.02307692
1/06/2016,36,42.2,9.133333333,10.02733333
2/06/2016,37.5625,35.3125,11.93125,10.02
3/06/2016,37.5625,40.6875,2.78125,10.0225
4/06/2016,38.2,42.06666667,3.206666667,10.01866667
5/06/2016,36.16666667,51.75,8.5,10.02833333
6/06/2016,35.42857143,45.71428571,11,10.01571429
7/06/2016,34.625,59.1875,21.30625,10.020625
8/06/2016,36.07142857,44.64285714,8.485714286,9.992142857
9/06/2016,35.73333333,43.73333333,9.26,9.380666667
10/06/2016,36.13333333,41.86666667,10.08125,9.9825
11/06/2016,33.4375,49.9375,8.8125,9.99
12/06/2016,35.5,37.125,9.1625,9.988125
13/06/2016,36,43.3125,12.85,9.981875
14/06/2016,32.625,55.125,11.86,9.978125
15/06/2016,34.73333333,48.86666667,10.51333333,9.961333333
16/06/2016,33.5,51.28571429,11.39285714,9.99
17/06/2016,34.1875,52.25,7.425,9.994285714
18/06/2016,35.85714286,50.57142857,10.85714286,10.00857143
19/06/2016,35.625,53.25,9.3875,10.01375
20/06/2016,30.9375,73.9375,7.64375,10.006875
21/06/2016,32.875,62.1875,8.91875,9.999375
22/06/2016,33.125,60.8125,7.41875,10.015625
23/06/2016,33.84615385,51.61538462,5.875,9.996923077
24/06/2016,36.4375,46.5625,7.7625,9.983125
25/06/2016,35.42857143,55.92857143,9.664285714,10.00071429
26/06/2016,34.86666667,57.46666667,7.66,10.00375
27/06/2016,34.3125,61.25,7.99375,9.988666667
28/06/2016,30.78571429,75.07142857,5.435714286,10.015
29/06/2016,35.375,58.875,8.45,10.011875
30/06/2016,35.46666667,60.2,6.793333333,9.978666667
1/07/2016,32.125,73.4,8.35,10.025625
2/07/2016,28.4,80,5.23125,9.98375
3/07/2016,29.5625,78.125,1.96875,9.9825
4/07/2016,30.6875,76.3125,3.48125,9.97125
5/07/2016,33.25,68.6875,5.3375,9.955625
6/07/2016,33.26666667,64.06666667,8.878571429,9.968666667
7/07/2016,33.5,63,5.91875,9.976875
8/07/2016,30.8,75.86666667,5.433333333,9.974
9/07/2016,33.25,66.0625,6.73125,9.9675
10/07/2016,32.5625,65.6875,4.7,9.960625
11/07/2016,31.5,71.9375,8.046666667,9.9775
12/07/2016,30.5,80.1875,5.5625,9.990625
13/07/2016,31.25,76.3125,6.806666667,9.984375
14/07/2016,30.4375,80.4375,5.21875,9.98375
15/07/2016,31,78.0625,7.271428571,9.98625
16/07/2016,27.125,93.875,4.371428571,9.99875
17/07/2016,28.125,86.5625,6.6,10.01333333
18/07/2016,27.66666667,91.26666667,7.653333333,10.008
19/07/2016,32.3125,69.125,13.65625,9.99875
20/07/2016,34.1875,59.5625,12.9625,9.99625
21/07/2016,34.13333333,56.86666667,11.48,9.992666667
22/07/2016,34.125,56.125,8.6875,9.993333333
23/07/2016,31.875,66,7.76875,10.01625
24/07/2016,31.4375,72.25,2.43125,9.463125
25/07/2016,31.9375,69.125,2.9125,10.01875
26/07/2016,30.3125,82,6.485714286,10.03125
27/07/2016,28.3125,88.25,4.29375,10.04625
28/07/2016,29.53333333,81.33333333,5.186666667,10.02066667
29/07/2016,27.375,92.4375,2.43125,10.009375
30/07/2016,27.33333333,92.26666667,1.86,10.012
31/07/2016,29.26666667,83.13333333,4.7,10.00666667
1/08/2016,29.125,84.25,5.9125,9.99125
2/08/2016,30.6875,72.125,6.375,3.104375
3/08/2016,32.5625,63.5625,5.45,9.985
4/08/2016,33.11111111,63.88888889,7.927777778,9.987777778
5/08/2016,33.8,61.66666667,4.32,9.993333333
6/08/2016,30.06666667,76,6.926666667,10.008
7/08/2016,33.11764706,65.17647059,7.852941176,10.00529412
8/08/2016,33.80952381,62.38095238,9.440909091,9.996363636
9/08/2016,31.61538462,71.65384615,9.55,9.985
10/08/2016,32,71.25925926,10.15925926,9.993703704
11/08/2016,28.10714286,89.46428571,7.821428571,10.01607143
12/08/2016,29.03571429,85,3.848148148,10.02285714
13/08/2016,30.32142857,77.07142857,3.22962963,10.01071429
14/08/2016,28.93333333,83.7,6.37,6.339
15/08/2016,31.67857143,67.64285714,12.725,9.992857143
16/08/2016,31.33333333,66.41666667,14.66666667,-0.030416667
17/08/2016,29.92857143,72.5,6.325,9.995185185
18/08/2016,29.88888889,79.81481481,1.722222222,9.999230769
19/08/2016,32.07142857,68.28571429,1.917857143,9.998928571
20/08/2016,33.18518519,66.48148148,10.36666667,10.0016
21/08/2016,31.59259259,68.07407407,10.02222222,10.01192308
22/08/2016,32.18518519,65.55555556,8.237037037,10.02888889
23/08/2016,31.48,70.08,6.084,10.0324
24/08/2016,30.17857143,79.28571429,8.419230769,10.025
25/08/2016,31.52,72.44,6.276923077,10.04423077
26/08/2016,31.22222222,73.81481481,4.392592593,10.05222222
27/08/2016,31.78571429,70.28571429,7.15,10.06142857
28/08/2016,33.4,66.24,7.272,10.062
29/08/2016,29.57142857,82.32142857,5.825,10.03607143
30/08/2016,30.04,76.8,8.903846154,10.02192308
31/08/2016,27.25925926,89.55555556,6.72962963,10.03037037
1/09/2016,27.96,87.24,4.148,10.0244
2/09/2016,30.73913043,71.73913043,13.20434783,10.01272727
3/09/2016,30.89473684,62.68421053,13.26315789,10.01157895
4/09/2016,31.69230769,59.30769231,11.12307692,10.02923077
5/09/2016,31.07692308,60.30769231,13.96153846,10.03230769
6/09/2016,30.375,55,13.4375,10.0375
7/09/2016,31.1,57.7,9.1,10.03454545
8/09/2016,31.91666667,58,10.80833333,10.05166667
9/09/2016,30.55555556,56.66666667,11.52222222,10.04333333
10/09/2016,31.23076923,58.23076923,11.96923077,10.05230769
11/09/2016,31,56.4,8.15,10.038
12/09/2016,31.64285714,55.5,10.85,10.05071429
13/09/2016,32.53333333,57.06666667,8.526666667,10.064
14/09/2016,30.85714286,70.35714286,4.235714286,10.06928571
15/09/2016,31.72727273,59.63636364,11.9,10.0475
16/09/2016,31.4,58,3.52,10.044
17/09/2016,32.30769231,58,2.707692308,10.03153846
18/09/2016,32.25,58.83333333,17.90833333,10.05
19/09/2016,32.375,59.45833333,2.0875,10.04708333
20/09/2016,33.44444444,54.07407407,2.569230769,10.03518519
21/09/2016,33.36,58.96,6.092,10.054
22/09/2016,30.03703704,67.62962963,8.107407407,10.08777778
23/09/2016,31,66.10714286,3.571428571,10.05321429
24/09/2016,31.24,66.48,5.496153846,13.52615385
25/09/2016,31.13043478,62.30434783,3.147826087,10.04782609
26/09/2016,31.48,60.88,2.986956522,10.0676
27/09/2016,32.18518519,57.81481481,1.780769231,10.06703704
28/09/2016,32.44,55.28,2.52,10.0528
29/09/2016,32.22727273,61.31818182,3.963636364,10.05590909
30/09/2016,32.21428571,59.35714286,2.582142857,10.05571429
1/10/2016,32.54166667,61.91666667,3.170833333,10.075
2/10/2016,32.81481481,61.81481481,4.122222222,10.09111111
3/10/2016,33.26923077,59.57692308,3.992592593,10.07185185
4/10/2016,30.55555556,69.81481481,5.77037037,10.0537037
5/10/2016,28.83333333,71.875,3.325,10.0525
6/10/2016,30.7037037,64.81481481,3.233333333,10.07148148
7/10/2016,30.96,59.96,15.825,10.072
8/10/2016,30.6,57.96,8.761538462,10.06846154
9/10/2016,30.92,59.2,3.184,10.0596
10/10/2016,29.77777778,51.11111111,4.807407407,10.06148148
11/10/2016,29.66666667,51.14814815,8.922222222,10.06592593
12/10/2016,29.57142857,47.28571429,11.37142857,10.0625
13/10/2016,29.96296296,44,13.02222222,10.08333333
14/10/2016,29.75,47.875,8.934782609,10.09125
15/10/2016,27.74074074,54.14814815,6.662962963,10.10518519
16/10/2016,28.42857143,49.85714286,7.014285714,10.11857143
17/10/2016,28.6,49.24,7.116,10.1056
18/10/2016,28.5,48.45833333,7.668181818,10.09458333
19/10/2016,28.92592593,49.18518519,6.459259259,10.08555556
20/10/2016,29.07692308,47.73076923,9.124,10.07538462
21/10/2016,28.40909091,50.40909091,10.69545455,10.08727273
22/10/2016,29.33333333,49.48148148,13.32307692,10.0937037
23/10/2016,27.5,54.96153846,11.54615385,10.09307692
24/10/2016,28.5,51.42307692,11.18846154,10.08269231
25/10/2016,28.04,54.56,12.38846154,10.08923077
26/10/2016,27.57692308,56.19230769,5.7,10.11730769
27/10/2016,26.55555556,59.37037037,6.044444444,10.1462963
28/10/2016,25.51851852,58.77777778,7.277777778,10.12407407
29/10/2016,25.81481481,62.77777778,1.714814815,10.13
30/10/2016,24.82608696,71.04347826,2.013043478,10.14608696
31/10/2016,24.53846154,66.80769231,1.642307692,10.17807692
1/11/2016,24.38461538,58.73076923,2.715384615,10.16384615
2/11/2016,23.72727273,65.90909091,1.431818182,10.16590909
3/11/2016,25.64,59.76,2.232,10.1624
4/11/2016,24.81481481,58.2962963,4.122222222,10.1262963
5/11/2016,23.11538462,66.57692308,5.784615385,10.10346154
6/11/2016,22.92592593,63.85185185,2.411111111,10.11518519
7/11/2016,24.54545455,51.31818182,8.172727273,10.12772727
8/11/2016,23.73076923,52.26923077,12.75,10.1364
9/11/2016,23,49.7037037,7.074074074,10.14666667
10/11/2016,23.51851852,50.14814815,3.225925926,10.13814815
11/11/2016,23.92,54.04,2.968,10.1408
12/11/2016,23.53846154,58.03846154,2.784615385,10.15153846
13/11/2016,24.2962963,55.81481481,4.4,10.16518519
14/11/2016,23.34615385,60.73076923,1.496153846,10.15730769
15/11/2016,22.24,55.72,4.088,10.1624
16/11/2016,21.76923077,53.23076923,7.138461538,10.17538462
17/11/2016,21.73076923,51.73076923,11.55,13.50296296
18/11/2016,21.73076923,53.61538462,7.78,10.14692308
19/11/2016,20.66666667,60.66666667,2.84,10.12466667
20/11/2016,22.25,59.9,2.505,10.1335
21/11/2016,21.53846154,60.46153846,2.715384615,10.13
22/11/2016,22.57894737,50.15789474,8,10.12894737
23/11/2016,22.82608696,51.43478261,6.604347826,10.13173913
24/11/2016,21.42105263,51.47368421,8.289473684,10.14947368
25/11/2016,23.6,30.55,15.085,10.1295
26/11/2016,24.29411765,32.64705882,14.49411765,10.1325
27/11/2016,23.63636364,33.63636364,12.45909091,10.13590909
28/11/2016,22.45454545,37.31818182,9.185714286,0.120454546
29/11/2016,21.61111111,53.72222222,1.238888889,10.15
30/11/2016,19.86956522,80.08695652,4.269565217,10.16608696
1/12/2016,19.75,84,2.704166667,10.16875
2/12/2016,19.20833333,75.875,4.945833333,10.1775
3/12/2016,21.20833333,52.16666667,5.866666667,10.19333333
4/12/2016,18.9,55.25,5.666666667,10.197
5/12/2016,18.63636364,56.59090909,4.952380952,10.17045455
6/12/2016,18.53846154,69.92307692,2.503846154,10.17961538
7/12/2016,18.25,74.35,0.925,10.17421053
8/12/2016,16.9,73.3,1.765,10.162
9/12/2016,19.41666667,68.125,1.3125,10.13416667
10/12/2016,16.44444444,82.83333333,5.355555556,10.14
11/12/2016,20.04166667,69.58333333,4.716666667,10.13291667
12/12/2016,19.90909091,63.86363636,3.281818182,10.14181818
13/12/2016,19.05,62.35,3.43,10.151
14/12/2016,18.55555556,58.61111111,8.027777778,10.17333333
15/12/2016,18.16666667,56.625,9.879166667,10.16666667
16/12/2016,15.83333333,63.27777778,3.916666667,10.18777778
17/12/2016,17.5,63.38888889,6.731578947,10.16947368
18/12/2016,16.08333333,64.54166667,6.420833333,10.18083333
19/12/2016,17.85714286,56.0952381,10.41428571,10.17428571
20/12/2016,19.8,48.53333333,15.92666667,10.152
21/12/2016,18.05,54.3,19.4047619,10.15619048
22/12/2016,17.28571429,57.85714286,6.180952381,10.16142857
23/12/2016,15.55,74.7,1.205,10.1425
24/12/2016,17.31818182,78.63636364,5.236363636,10.11318182
25/12/2016,14,94.3,9.085,10.1435
26/12/2016,17.14285714,74.85714286,8.784210526,10.16952381
27/12/2016,16.85,67.55,8.335,10.172
28/12/2016,17.2173913,68.04347826,3.547826087,10.15565217
29/12/2016,15.23809524,87.85714286,6,10.16904762
30/12/2016,14.0952381,89.66666667,6.266666667,10.17904762
31/12/2016,15.05263158,87,7.325,10.161
1/01/2017,15.91304348,85.86956522,2.743478261,0.59
2/01/2017,18.5,77.22222222,2.894444444,10.18277778
3/01/2017,17.11111111,81.88888889,4.016666667,10.18333333
4/01/2017,18.7,70.05,4.545,10.157
5/01/2017,18.38888889,74.94444444,3.3,10.14333333
6/01/2017,19.31818182,79.31818182,8.681818182,10.11772727
7/01/2017,14.70833333,95.83333333,10.04166667,10.11375
8/01/2017,15.68421053,83.52631579,1.95,10.1555
9/01/2017,14.57142857,80.80952381,6.542857143,10.15952381
10/01/2017,12.11111111,71.94444444,9.361111111,10.16888889
11/01/2017,11,72.11111111,9.772222222,10.16777778
12/01/2017,11.78947368,74.57894737,6.626315789,10.16368421
13/01/2017,13.23529412,67.05882353,6.435294118,10.17529412
14/01/2017,13.2,74.28,5.276,10.1884
15/01/2017,16.43478261,72.56521739,3.630434783,10.18130435
16/01/2017,14.65,78.45,10.38,10.1715
17/01/2017,11.72222222,84.44444444,8.038888889,10.18388889
18/01/2017,13.04166667,78.33333333,6.029166667,10.21958333
19/01/2017,14.61904762,75.14285714,10.33809524,10.22809524
20/01/2017,15.26315789,66.47368421,11.22631579,10.21789474
21/01/2017,15.39130435,70.86956522,13.69565217,10.20478261
22/01/2017,18.44,76.24,5.868,10.2104
23/01/2017,18.11764706,76,6.752941176,10.19823529
24/01/2017,18.34782609,68.13043478,3.391304348,10.18869565
25/01/2017,21,69.96,8.756,10.184
26/01/2017,16.17857143,91.64285714,8.467857143,10.17785714
27/01/2017,16.5,77.04166667,14.35833333,10.18125
28/01/2017,14.86363636,82.77272727,9.690909091,10.19636364
29/01/2017,15.66666667,81.77777778,10.29444444,10.17388889
30/01/2017,16.44444444,77.55555556,4.322222222,10.15833333
31/01/2017,16.125,76,4.625,10.155
1/02/2017,15.25,78.625,5.1,10.175
2/02/2017,17.09090909,66.54545455,3.027272727,10.18909091
3/02/2017,15.63636364,78.18181818,1.854545455,10.17727273
4/02/2017,18.7,77.6,9.82,10.144
5/02/2017,18.63157895,77.63157895,8.1,10.14210526
6/02/2017,16.88888889,69.66666667,9.044444444,10.16
7/02/2017,15.125,63.75,7.6375,10.16125
8/02/2017,15.7,68.4,4.08,10.156
9/02/2017,15.375,68.375,7.875,10.16375
10/02/2017,14.66666667,71.77777778,9.066666667,10.15666667
11/02/2017,15.625,64,3.95,10.16625
12/02/2017,16.25,70.375,1.625,10.19625
13/02/2017,16.33333333,67,6.377777778,10.21555556
14/02/2017,16.875,65.5,6.9625,10.21375
15/02/2017,17.57142857,67.71428571,5.557142857,10.20571429
16/02/2017,20.25,56.75,10.4375,10.17625
17/02/2017,21.3,64.4,9.28,10.165
18/02/2017,21.125,70.75,6.25,10.1625
19/02/2017,22.36363636,66.09090909,6.054545455,10.13
20/02/2017,23.375,60.125,6.9375,10.05375
21/02/2017,21.83333333,69.41666667,12.34166667,10.07416667
22/02/2017,19.125,57.125,7.4125,10.1225
23/02/2017,18.625,42.875,14.35,10.1525
24/02/2017,19.125,40.375,16.6625,10.16125
25/02/2017,19,50.42857143,11.92857143,10.14285714
26/02/2017,18.75,59,11.1125,10.12375
27/02/2017,19.875,58.375,5.1,10.1425
28/02/2017,23.33333333,51.66666667,3.911111111,10.13111111
1/03/2017,24.46153846,47.92307692,6.415384615,10.12923077
2/03/2017,23.75,54.25,5.93,10.1215
3/03/2017,20.5,42.5,7.4125,10.10625
4/03/2017,19.125,43.125,8.35,10.1
5/03/2017,19.75,41.25,9.9625,10.105
6/03/2017,20,42.44444444,9.666666667,10.10333333
7/03/2017,22.625,41.5,6.025,10.07375
8/03/2017,21.54545455,52.72727273,10.26363636,10.08909091
9/03/2017,20.78571429,69.07142857,8.342857143,10.07357143
10/03/2017,19.9375,67.75,11.4625,10.06875
11/03/2017,18.53333333,60.4,5.566666667,10.098
12/03/2017,17.375,56.625,7.6375,10.1475
13/03/2017,17.44444444,49.33333333,9.055555556,10.14888889
14/03/2017,18,56.33333333,4.522222222,10.16555556
15/03/2017,19.875,54.75,7.175,10.14125
16/03/2017,24,49.2,5.56,10.111
17/03/2017,20.9,59.7,11.49,10.107
18/03/2017,24.69230769,46.30769231,7.123076923,10.09846154
19/03/2017,24.66666667,52.27777778,9.161111111,10.11888889
20/03/2017,23.33333333,54.66666667,10.07777778,10.12555556
21/03/2017,25,49,9.2625,10.1175
22/03/2017,27.25,45,10.1875,10.0975
23/03/2017,28,49.75,3.4875,10.08875
24/03/2017,28.91666667,37.66666667,10.03333333,10.10583333
25/03/2017,26.5,39.375,10.425,10.09875
26/03/2017,29.1,37.1,17.59,10.102
27/03/2017,29.5,38.625,13.65,10.095
28/03/2017,29.88888889,40.66666667,8.844444444,10.09
29/03/2017,31,34.5,13.2,10.07125
30/03/2017,29.28571429,36.85714286,10.58571429,10.07142857
31/03/2017,30.625,37.625,6.95,10.075
1/04/2017,31.375,35.125,9.0375,10.05
2/04/2017,29.75,33.75,9.2625,10.0425
3/04/2017,30.5,29.75,6.9375,10.0425
4/04/2017,30.93333333,31.86666667,14.32,10.072
5/04/2017,29.23076923,46,14.38461538,10.05
6/04/2017,31.22222222,26,13.57777778,10.02888889
7/04/2017,27,29.875,4.65,10.07375
8/04/2017,25.625,29.375,8.3375,10.10375
9/04/2017,27.125,21.125,14.125,10.10625
10/04/2017,27.85714286,19.42857143,19.31428571,10.08571429
11/04/2017,29.25,17.75,15.5125,10.0625
12/04/2017,29.25,26,9.4875,10.05875
13/04/2017,29.66666667,29.11111111,4.944444444,10.06777778
14/04/2017,30.5,37.625,1.3875,10.04625
15/04/2017,31.22222222,30.44444444,5.966666667,10.02444444
16/04/2017,31,34.25,2.1,10.0325
17/04/2017,32.55555556,38.44444444,5.366666667,10.04444444
18/04/2017,34,27.33333333,7.811111111,10.03111111
19/04/2017,33.5,24.125,9.025,10.00875
20/04/2017,34.5,27.5,5.5625,9.98625
21/04/2017,34.25,39.375,6.9625,9.99875
22/04/2017,32.9,40.9,8.89,10.016
23/04/2017,32.875,27.5,9.9625,10.02125
24/04/2017,32,27.14285714,12.15714286,10.04142857
